,links,longitude,latitude
0,https://minibieb.nl/minibieb/de-boeken-hove-zuidwolde/,52.66686,6.4187875
1,https://minibieb.nl/minibieb/minibieb-t-oude-koetshuis/,52.78988,6.720893
2,https://minibieb.nl/minibieb/minibieb-in-gasselte-drenthe/,52.974255,6.7949457
3,https://minibieb.nl/minibieb/camping-midden-drenthe/,52.875866,6.6125946
4,https://minibieb.nl/minibieb/moniques-little-free-library/,52.398773,5.255527
5,https://minibieb.nl/minibieb/little-free-library-2/,52.384724,5.277689
6,https://minibieb.nl/minibieb/minibieb-tsjom-tzum/,53.15735,5.5623507
7,https://minibieb.nl/minibieb/by-de-tsjerke/,53.08981,5.695822
8,https://minibieb.nl/minibieb/minibieb-de-tuorrebout/,53.193764,5.980838
9,https://minibieb.nl/minibieb/minibieb-it-lytse-boekehus/,52.889484,5.6224184
10,https://minibieb.nl/minibieb/minibieb-hageboek-6-burgum/,53.18905,6.00764
11,https://minibieb.nl/minibieb/mini-moune-bieb/,53.25207,5.9221673
12,https://minibieb.nl/minibieb/minibieb-doezum/,53.20139,6.2443843
13,https://minibieb.nl/minibieb/buurtminibieb-barchvenne-barchem-gelderland/,52.121567,6.44204
14,https://minibieb.nl/minibieb/boekenmening-minibieb-in-scherpenzeel-gld/,52.07893,5.4880643
15,https://minibieb.nl/minibieb/minibieb-op-het-gelderlandplein/,51.44597,5.4441795
16,https://minibieb.nl/minibieb/little-free-library-grolloo-2/,52.932766,6.6744037
17,https://minibieb.nl/minibieb/minibieb-zeddamseweg-etten/,51.915447,6.344033
18,https://minibieb.nl/minibieb/minibieb-well-gld/,51.746536,5.202517
19,https://minibieb.nl/minibieb/buurtbieb-in-meijhorst-nijmegen/,51.81355,5.79936
20,https://minibieb.nl/minibieb/groningen-2/,53.241558,6.577101
21,https://minibieb.nl/minibieb/mini-bieb-sint-anthony-gasthuis-groningen/,53.2147,6.5706277
22,https://minibieb.nl/minibieb/minibieb-helpman-groningen/,53.195377,6.581975
23,https://minibieb.nl/minibieb/lutje-bieb-corpus-groningen/,53.19956,6.5604734
24,https://minibieb.nl/minibieb/groningen/,53.221573,6.5816116
25,https://minibieb.nl/minibieb/minibieb-groningen-2/,53.246033,6.5865426
26,https://minibieb.nl/minibieb/dorpsbiebje-zuidhorn/,53.24422,6.405731
27,https://minibieb.nl/minibieb/de-bergbieb/,53.225163,6.55302
28,https://minibieb.nl/minibieb/de-bieb-van-agnes/,53.184425,6.552446
29,https://minibieb.nl/minibieb/hennys-minibieb/,53.349022,6.758825
30,https://minibieb.nl/minibieb/minibieb-kostverloren/,53.217083,6.543849
31,https://minibieb.nl/minibieb/minibieb-het-kattenvrouwtje/,53.171574,6.605337
32,https://minibieb.nl/minibieb/norahs-minibieb/,53.206837,6.643053
33,https://minibieb.nl/minibieb/anjas-mini-bieb-wildervank/,53.089725,6.8678827
34,https://minibieb.nl/minibieb/minibieb-meerpaal/,53.234474,6.6273355
35,https://minibieb.nl/minibieb/reitdiephaven-minibieb/,53.235928,6.52648
36,https://minibieb.nl/minibieb/minibieb-buitenhof/,53.20163,6.529263
37,https://minibieb.nl/minibieb/buurt-bieb-3/,53.230946,6.5644984
38,https://minibieb.nl/minibieb/tormentilbieb/,53.230907,6.594574
39,https://minibieb.nl/minibieb/blaauwtjesminibieb/,53.245094,6.5917754
40,https://minibieb.nl/minibieb/buurtbiebje-vinkhuizen-noord/,53.22985,6.5237947
41,https://minibieb.nl/minibieb/minibieb-oosterparkwijk/,53.22742,6.5797625
42,https://minibieb.nl/minibieb/angies-minibieb/,53.24028,6.517112
43,https://minibieb.nl/minibieb/de-witte-schuit/,53.225834,6.5989475
44,https://minibieb.nl/minibieb/waterland-biebje/,53.241966,6.615072
45,https://minibieb.nl/minibieb/opening-ruilbibliotheek-lentis-groningen/,53.208454,6.5734057
46,https://minibieb.nl/minibieb/minibieb-gravenburg/,53.2333,6.5014787
47,https://minibieb.nl/minibieb/minibieb-buurtboomgaard-oosterhoogebrug/,53.230785,6.6050415
48,https://minibieb.nl/minibieb/mussenbieb/,53.253418,6.597132
49,https://minibieb.nl/minibieb/molen-wilhelmina/,53.24262,6.5677376
50,https://minibieb.nl/minibieb/minibieb-sandu-mook/,51.75449,5.8791833
51,https://minibieb.nl/minibieb/van-limburg-stirumstraat-38-amsterdam/,52.38374,4.8757405
52,https://minibieb.nl/minibieb/minibieb-bij-tante-toos/,50.797787,5.973749
53,https://minibieb.nl/minibieb/mini-bieb-mikmaks-wereld/,50.936504,5.9809585
54,https://minibieb.nl/minibieb/minibieb-in-de-aronskelk/,50.953274,5.773584
55,https://minibieb.nl/minibieb/minibieb-palemig/,50.903194,5.9904666
56,https://minibieb.nl/minibieb/minibieb-zwanenbloemstraat/,51.26279,5.6775227
57,https://minibieb.nl/minibieb/townhouse-designhotel-maastricht/,50.85138,5.7034764
58,https://minibieb.nl/minibieb/blauwgele-minibieb/,50.816174,5.9935913
59,https://minibieb.nl/minibieb/minibieb-cadier-en-keer/,50.828583,5.767136
60,https://minibieb.nl/minibieb/valkenswaard/,51.36267,5.442064
61,https://minibieb.nl/minibieb/kameraadschappij-mini-bieb/,51.66151,4.8620787
62,https://minibieb.nl/minibieb/minibieb-aan-t-pleintje/,51.385696,5.4405923
63,https://minibieb.nl/minibieb/bosbieb-t-zand/,51.495945,4.9598765
64,https://minibieb.nl/minibieb/mini-bieb-elke/,51.420696,5.7684903
65,https://minibieb.nl/minibieb/minibieb-velp/,51.746765,5.7211175
66,https://minibieb.nl/minibieb/bieb/,51.61138,4.51115
67,https://minibieb.nl/minibieb/minibieb-oventje/,51.67364,5.6751103
68,https://minibieb.nl/minibieb/minibieb-dn-horzik/,51.66195,5.3611574
69,https://minibieb.nl/minibieb/minibieb-aalst-waalre/,51.397797,5.4828463
70,https://minibieb.nl/minibieb/minibieb-oudleusen/,52.534126,6.313013
71,https://minibieb.nl/minibieb/minibieb-kuinre-kop-van-overijssel/,52.791702,5.841469
72,https://minibieb.nl/minibieb/thijs-mini-bieb/,52.79975,6.0722604
73,https://minibieb.nl/minibieb/minibieb-van-sharda/,52.542477,6.039305
74,https://minibieb.nl/minibieb/minibieb-valkenburg-zh/,52.17859,4.4369164
75,https://minibieb.nl/minibieb/hollands-huisje-zevenaar/,51.92988,6.0577445
76,https://minibieb.nl/minibieb/missvissch-minibieb-purmerend/,52.494125,4.92623
77,https://minibieb.nl/minibieb/minibieb-yellowlaan/,52.661716,5.0853662
78,https://minibieb.nl/minibieb/minibieb-maasstraat/,51.901215,4.2484856
79,https://minibieb.nl/minibieb/minibieb-saftlevenkwartier/,51.913345,4.4653735
80,https://minibieb.nl/minibieb/minibieb-alexiahof-ermelo/,52.314426,5.621043
81,https://minibieb.nl/minibieb/zeehaven/,52.160465,5.8323026
82,https://minibieb.nl/minibieb/de-overboeking/,52.144753,4.4129853
83,https://minibieb.nl/minibieb/minibieb-treize/,52.025864,5.523363
84,https://minibieb.nl/minibieb/martines-minibieb/,52.7581,4.9110956
85,https://minibieb.nl/minibieb/mi-ni-bi-eb/,51.950115,4.201026
86,https://minibieb.nl/minibieb/minibieb-aan-de-heemraad-in-maasland/,51.93106,4.273525
87,https://minibieb.nl/minibieb/t-berghuisje/,52.431313,4.638956
88,https://minibieb.nl/minibieb/minibieb-maarschalklaan/,52.0363,4.954593
89,https://minibieb.nl/minibieb/minibieb-in-hoek-van-holland/,51.97604,4.1346464
90,https://minibieb.nl/minibieb/mijn-minibieb-in-de-voortuin/,51.975513,4.1381483
91,https://minibieb.nl/minibieb/hedibieb/,52.062042,4.2695813
92,https://minibieb.nl/minibieb/minibieb-werk-aan-het-spoor-2/,51.89575,5.1185775
93,https://minibieb.nl/minibieb/minibieb-aan-de-hei/,52.236237,5.1978774
94,https://minibieb.nl/minibieb/kinderbiebje-aan-de-zuiderheide-hilversum/,52.236237,5.1977305
95,https://minibieb.nl/minibieb/pinetum-blijdenstein-hil/,52.229446,5.159599
96,https://minibieb.nl/minibieb/boek-op-drift-hilversum/,52.22396,5.1842036
97,https://minibieb.nl/minibieb/minibieb-de-poolster-hilversum/,52.232536,5.1983986
98,https://minibieb.nl/minibieb/zwinglibieb-hilversum/,52.21304,5.1375647
99,https://minibieb.nl/minibieb/minibieb-kapteynstraat-hilversum/,52.22988,5.194294
100,https://minibieb.nl/minibieb/de-witte-bibliotheek/,52.23596,5.182108
101,https://minibieb.nl/minibieb/mini-bib-in-oprichting/,52.21191,5.1657314
102,https://minibieb.nl/minibieb/minibieb-publieke-werken/,52.23173,5.202491
103,https://minibieb.nl/minibieb/minibieb-lam/,52.223106,5.187672
104,https://minibieb.nl/minibieb/heidebieb/,52.220463,5.1538496
105,https://minibieb.nl/minibieb/kleine-drift/,52.22596,5.186503
106,https://minibieb.nl/minibieb/minibieb-planetenstraat/,52.230503,5.1989975
107,https://minibieb.nl/minibieb/geef-en-neem-kasten-in-het-wijkcentrum/,52.241333,5.1784835
108,https://minibieb.nl/minibieb/minibieb-jhb/,52.220036,5.1747494
109,https://minibieb.nl/minibieb/minibieb-liebergerweg/,52.22145,5.1994605
110,https://minibieb.nl/minibieb/busken-bieb/,52.218616,5.1596527
111,https://minibieb.nl/minibieb/tandarts-kaptein-en-hooykaas/,52.232452,5.159937
112,https://minibieb.nl/minibieb/bankstraat-27-utrecht-minibieb/,52.087303,5.135769
113,https://minibieb.nl/minibieb/minibieb-arnoldus-utrecht/,52.108562,5.0908003
114,https://minibieb.nl/minibieb/alles-draait-om-het-gedrukte-woord-utrecht/,52.08587,5.1202946
115,https://minibieb.nl/minibieb/vlambloempje-vleuten/,52.097786,5.00247
116,https://minibieb.nl/minibieb/minibieb-sf-thrillers-amersfoort/,52.146782,5.3703427
117,https://minibieb.nl/minibieb/minibieb-van-lies-utrecht/,52.11604,5.07915
118,https://minibieb.nl/minibieb/minibieb-steede-hoge-woerd-utrecht/,52.0873,5.042133
119,https://minibieb.nl/minibieb/zwerfboekenkast-stadstuin-klopvaart-utrecht/,52.12732,5.099354
120,https://minibieb.nl/minibieb/utrecht-n75/,52.086647,5.1194415
121,https://minibieb.nl/minibieb/veenhof-minibieb-utrecht/,52.101364,5.1119704
122,https://minibieb.nl/minibieb/carlas-minibieb-amerongen/,51.99941,5.453867
123,https://minibieb.nl/minibieb/minibieb-sartreweg/,52.104763,5.1445317
124,https://minibieb.nl/minibieb/bibliofilipijnen/,52.059216,5.1311855
125,https://minibieb.nl/minibieb/19357/,52.062653,5.12824
126,https://minibieb.nl/minibieb/minibieb-in-de-vogelenbuurt-utrecht/,52.09996,5.1184154
127,https://minibieb.nl/minibieb/de-slimme-vos/,52.1067,5.129916
128,https://minibieb.nl/minibieb/scheepsbibliotheek/,52.064022,5.114076
129,https://minibieb.nl/minibieb/minibieb-smaragdhof/,52.07351,5.1239567
130,https://minibieb.nl/minibieb/grave-van-solmsstraat-35-utrecht/,52.101376,5.1175313
131,https://minibieb.nl/minibieb/in-de-albert-heijn-troosterhof-14-utrecht/,52.106636,5.1346917
132,https://minibieb.nl/minibieb/maxibieb-de-argonauten/,52.090477,5.042451
133,https://minibieb.nl/minibieb/minibieb-de-argonauten/,52.090477,5.0423045
134,https://minibieb.nl/minibieb/30ml-coffee-food-nachtegaalstraat/,52.091457,5.1315994
135,https://minibieb.nl/minibieb/les-livres-de-foret-noire/,52.064693,5.1426144
136,https://minibieb.nl/minibieb/kinderruilpunt-lunetten/,52.061092,5.1334205
137,https://minibieb.nl/minibieb/minibieb-zuilen/,52.11423,5.0816274
138,https://minibieb.nl/minibieb/minibieb-kennedylaan-utrecht/,52.081482,5.0867925
139,https://minibieb.nl/minibieb/boekenhuisje-t-sluisje/,52.0903,4.9545817
140,https://minibieb.nl/minibieb/het-biebje/,52.097244,5.04138
141,https://minibieb.nl/minibieb/lottes-minibieb-zuilen/,52.11503,5.0907464
142,https://minibieb.nl/minibieb/t-biebje/,52.3855,5.283651
143,https://minibieb.nl/minibieb/minibieb-oog-in-al-utrecht/,52.08681,5.0816035
144,https://minibieb.nl/minibieb/minibibliotheek-muziekwijk/,52.365143,5.204383
145,https://minibieb.nl/minibieb/minibieb-in-utrecht/,52.078953,5.115743
146,https://minibieb.nl/minibieb/ruilbiep/,52.068954,5.1372404
147,https://minibieb.nl/minibieb/buitenplaats-de-blauwe-meije/,52.128826,4.8080482
148,https://minibieb.nl/minibieb/samen-scheppen-groen-verbindt/,51.986782,5.857755
149,https://minibieb.nl/minibieb/minibieb-mbu/,52.100258,5.1354895
150,https://minibieb.nl/minibieb/ruilkast-javastraat/,52.09245,5.101461
151,https://minibieb.nl/minibieb/kodi-minibieb/,52.082153,5.143105
152,https://minibieb.nl/minibieb/daalsebieb/,52.095284,5.1087284
153,https://minibieb.nl/minibieb/minibieb-vleuten/,52.100723,5.022289
154,https://minibieb.nl/minibieb/minibieb-utrecht/,52.11831,5.097704
155,https://minibieb.nl/minibieb/niftarlakeplantsoen/,52.115532,5.0875587
156,https://minibieb.nl/minibieb/buurtbieb-zuilen/,52.110115,5.094939
157,https://minibieb.nl/minibieb/minibieb-westfalenlunetten/,52.05892,5.139484
158,https://minibieb.nl/minibieb/bansbuurt-minibieb/,52.08454,5.1459074
159,https://minibieb.nl/minibieb/minsweerd/,52.080643,5.1429963
160,https://minibieb.nl/minibieb/fcj-minibieb/,52.08446,5.16863
161,https://minibieb.nl/minibieb/pinocchio-ritthem/,51.45131,3.6253736
162,https://minibieb.nl/minibieb/minibieb-aan-het-zandpad-zeeland/,51.682426,5.672689
163,https://minibieb.nl/minibieb/minibieb-voederheil/,51.707108,5.6711283
164,https://minibieb.nl/minibieb/minibieb-toolenburg-give-a-little-take-a-little/,52.298965,4.667777
165,https://minibieb.nl/minibieb/the-storyteller/,51.8345,5.001436
166,https://minibieb.nl/minibieb/parklaan-antwerpen/,51.17238,4.4270506
167,https://minibieb.nl/minibieb/dorines-minibieb/,51.595497,4.9214926
168,https://minibieb.nl/minibieb/minibieb-t-westlicht/,51.5032,3.889394
169,https://minibieb.nl/minibieb/minibieb-boekenbank-goes-oost/,51.506496,3.904735
170,https://minibieb.nl/minibieb/sweat-healthcenter-minibieb-vlissingen/,51.45661,3.584846
171,https://minibieb.nl/minibieb/driessens-minibieb/,51.46693,3.589201
172,https://minibieb.nl/minibieb/kleine-gratis-bibliotheek/,51.44245,3.5812044
173,https://minibieb.nl/minibieb/buitenzagerij-onderdoorgang-amsterdam/,52.381363,4.915475
174,https://minibieb.nl/minibieb/quellijnstraat-34/,52.35688,4.8876705
175,https://minibieb.nl/minibieb/stations-boekwissel-amsterdam/,52.346836,4.918601
176,https://minibieb.nl/minibieb/da-costakade-14/,52.371986,4.872277
177,https://minibieb.nl/minibieb/trompstraat-28/,52.372036,4.861677
178,https://minibieb.nl/minibieb/orteliusstraat-274/,52.372234,4.8481894
179,https://minibieb.nl/minibieb/vrolikstraat-68/,52.35571,4.916551
180,https://minibieb.nl/minibieb/minibieb-amstelpark/,52.32945,4.8942876
181,https://minibieb.nl/minibieb/amsteldijk-158/,52.345074,4.912424
182,https://minibieb.nl/minibieb/plein-meerhuizenstraat-amsterdam/,52.347523,4.907942
183,https://minibieb.nl/minibieb/rustenburgerstraat-amsterdam/,52.353085,4.901971
184,https://minibieb.nl/minibieb/ceintuurbaan-amsterdam/,52.35534,4.9023213
185,https://minibieb.nl/minibieb/eerste-oosterparkstraat-amsterdam/,52.356125,4.9098206
186,https://minibieb.nl/minibieb/tweede-oosterparkstraat-amsterdam/,52.357235,4.917265
187,https://minibieb.nl/minibieb/wijttenbachstraat-amsterdam/,52.36083,4.9279313
188,https://minibieb.nl/minibieb/boepsminibiep-amsterdam/,52.356575,4.9921055
189,https://minibieb.nl/minibieb/schinkelkade-vaartstraat-amsterdam/,52.349564,4.8521714
190,https://minibieb.nl/minibieb/amstelkade-amsterdam/,52.348137,4.899445
191,https://minibieb.nl/minibieb/daadkracht-en-vrouw-en-vaart-amsterdam/,52.36606,4.805515
192,https://minibieb.nl/minibieb/cornelis-springerstraat-amsterdam/,52.35032,4.901729
193,https://minibieb.nl/minibieb/geervliet-buurtbieb-amsterdam/,52.331173,4.8806887
194,https://minibieb.nl/minibieb/minibieb-meidoorn-amsterdam/,52.366177,4.864687
195,https://minibieb.nl/minibieb/mini-bieb-heinzestraat-amsterdam/,52.352757,4.8758216
196,https://minibieb.nl/minibieb/boekje-op-een-hoekje-amsterdam/,52.40732,4.934123
197,https://minibieb.nl/minibieb/boomboek-minibieb/,52.35027,4.8598666
198,https://minibieb.nl/minibieb/malvastraat-11-amsterdam/,52.38971,4.912065
199,https://minibieb.nl/minibieb/minibieb-agora-xplore-amsterdam-n/,52.4037,4.9091005
200,https://minibieb.nl/minibieb/free-little-library/,52.391106,4.8729086
201,https://minibieb.nl/minibieb/nieuwe-weteringstraat-11-amsterdam/,52.36075,4.8902187
202,https://minibieb.nl/minibieb/de-ruijterkade-amsterdam/,52.37754,4.907518
203,https://minibieb.nl/minibieb/spiegelgracht-2a-amsterdam/,52.362633,4.8873987
204,https://minibieb.nl/minibieb/hisgenpad-amsterdam/,52.399803,4.9274573
205,https://minibieb.nl/minibieb/amsterdam-oudezijds-voorburgwal-71/,52.373905,4.8988295
206,https://minibieb.nl/minibieb/spaarndammerstraat-44-amsterdam/,52.387432,4.881012
207,https://minibieb.nl/minibieb/fagelstraat-86-amsterdam/,52.380184,4.875317
208,https://minibieb.nl/minibieb/gillis-van-ledenberchstraat-99-amsterdam/,52.375843,4.871812
209,https://minibieb.nl/minibieb/bestevaerstraat-2-amsterdam/,52.372425,4.8604846
210,https://minibieb.nl/minibieb/esmoreitstraat-19-amsterdam/,52.37716,4.8515778
211,https://minibieb.nl/minibieb/van-houweningenstraat-40-amsterdam/,52.373825,4.8712773
212,https://minibieb.nl/minibieb/nicolaas-beetsstraat-142-amsterdam/,52.3622,4.867568
213,https://minibieb.nl/minibieb/jacob-van-lennepkade-368-amsterdam/,52.362545,4.860471
214,https://minibieb.nl/minibieb/rhijnvis-feithstraat-9-amsterdam/,52.360542,4.8594723
215,https://minibieb.nl/minibieb/hildebrandstraat-44-amsterdam/,52.364326,4.8650265
216,https://minibieb.nl/minibieb/egstraat-53-amsterdam/,52.343094,4.9441085
217,https://minibieb.nl/minibieb/zaaiersweg-57-amsterdam/,52.34253,4.9439526
218,https://minibieb.nl/minibieb/uiterwaardenstraat-244-amsterdam/,52.342926,4.898446
219,https://minibieb.nl/minibieb/uiterwaardenstraat-281-amsterdam/,52.3414,4.8948646
220,https://minibieb.nl/minibieb/voormalige-stadstimmertuin-35-87-amsterdam/,52.36155,4.9057393
221,https://minibieb.nl/minibieb/holendrechtstraat-14-amsterdam/,52.348713,4.908935
222,https://minibieb.nl/minibieb/wilhelminastraat-150-amsterdam/,52.36117,4.861291
223,https://minibieb.nl/minibieb/van-hogendorpstraat-133-amsterdam/,52.38304,4.874055
224,https://minibieb.nl/minibieb/jaagpad-12-amsterdam/,52.345226,4.849284
225,https://minibieb.nl/minibieb/j-marisstraat-27-amsterdam/,52.35448,4.8524456
226,https://minibieb.nl/minibieb/rozenstraat-59-amsterdam/,52.372707,4.8812304
227,https://minibieb.nl/minibieb/amstelkade-80-amsterdam/,52.348007,4.89832
228,https://minibieb.nl/minibieb/slingerbeekstraat-1-amsterdam/,52.347755,4.897054
229,https://minibieb.nl/minibieb/poggenbeekstraat-21-amsterdam/,52.348953,4.8975
230,https://minibieb.nl/minibieb/waverstraat-76-amsterdam/,52.34588,4.9072866
231,https://minibieb.nl/minibieb/saffierstraat-77-amsterdam/,52.351364,4.9080553
232,https://minibieb.nl/minibieb/vrolikstraat-397-amsterdam/,52.35714,4.9210057
233,https://minibieb.nl/minibieb/lutmastraat-61a-amsterdam/,52.35067,4.89529
234,https://minibieb.nl/minibieb/legmeerstraat-6-amsterdam/,52.354553,4.8511753
235,https://minibieb.nl/minibieb/kwekerijlaan-40-amsterdam/,52.408016,4.900701
236,https://minibieb.nl/minibieb/wijnkersstraat-24-amsterdam/,52.406975,4.9009056
237,https://minibieb.nl/minibieb/vegastraat-83-amsterdam/,52.411182,4.8872256
238,https://minibieb.nl/minibieb/zuideinde-461-amsterdam/,52.418255,4.895113
239,https://minibieb.nl/minibieb/nieuwendammerkade-5-amsterdam/,52.387436,4.938245
240,https://minibieb.nl/minibieb/stentorstraat-75-amsterdam/,52.4195,4.900389
241,https://minibieb.nl/minibieb/meerpad-11-amsterdam-3/,52.392414,4.934394
242,https://minibieb.nl/minibieb/carolina-macgillevrylaan-2-amsterdam/,52.357513,4.9422436
243,https://minibieb.nl/minibieb/pieter-lastmankade-196-amsterdam/,52.347843,4.858413
244,https://minibieb.nl/minibieb/rijnsburgerstraat-34-amsterdam/,52.34782,4.849743
245,https://minibieb.nl/minibieb/rietwijkerstraat-27-amsterdam/,52.34907,4.850004
246,https://minibieb.nl/minibieb/paramariboplein-49-amsterdam/,52.35964,4.854292
247,https://minibieb.nl/minibieb/tolhuisweg-2-amsterdam/,52.384117,4.905778
248,https://minibieb.nl/minibieb/oude-schans-39-amsterdam/,52.37082,4.9044433
249,https://minibieb.nl/minibieb/laagte-kadijk-37-amsterdam/,52.369343,4.914333
250,https://minibieb.nl/minibieb/govert-flinckstraat-249-amsterdam/,52.35633,4.898034
251,https://minibieb.nl/minibieb/nicolaas-witsenstraat-20-amsterdam/,52.358395,4.8960357
252,https://minibieb.nl/minibieb/weesperzijde-39-amsterdam/,52.35605,4.90737
253,https://minibieb.nl/minibieb/max-planckstraat-9-amsterdam/,52.352306,4.945557
254,https://minibieb.nl/minibieb/juliana-van-stolbergstraat-3-amsterdam/,52.381714,4.8579464
255,https://minibieb.nl/minibieb/zoutkeetsgracht-284-amsterdam/,52.388454,4.886909
256,https://minibieb.nl/minibieb/gerard-terborgstraat-12-amsterdam/,52.3517,4.8850756
257,https://minibieb.nl/minibieb/cornelis-springerstraat-33-amsterdam/,52.34974,4.9022517
258,https://minibieb.nl/minibieb/fokke-simonszstraat-14-amsterdam/,52.36037,4.8920407
259,https://minibieb.nl/minibieb/churchilllaan-147-amsterdam/,52.34674,4.892457
260,https://minibieb.nl/minibieb/van-ostadestraat-224-amsterdam/,52.352695,4.896298
261,https://minibieb.nl/minibieb/saxenburgerstraat-16-amsterdam/,52.35846,4.860943
262,https://minibieb.nl/minibieb/rijtuigenhof-80-amsterdam/,52.35865,4.8620987
263,https://minibieb.nl/minibieb/westerkade-1-amsterdam/,52.37738,4.878692
264,https://minibieb.nl/minibieb/kinderdijkstraat-45-amsterdam/,52.3421,4.9032245
265,https://minibieb.nl/minibieb/caros-minibieb/,52.3485,4.7937946
266,https://minibieb.nl/minibieb/minibieb-oostenburgergracht-27/,52.369034,4.9214754
267,https://minibieb.nl/minibieb/ringdijk-45-amsterdam/,52.35296,4.923766
268,https://minibieb.nl/minibieb/schiemanstraat-2-amsterdam/,52.386044,4.8841834
269,https://minibieb.nl/minibieb/nieuwe-amstelstraat-50-amsterdam/,52.366947,4.902524
270,https://minibieb.nl/minibieb/jan-evertsenstraat-137-amsterdam/,52.370045,4.850633
271,https://minibieb.nl/minibieb/bethanienstraat-2-amsterdam/,52.371845,4.8976755
272,https://minibieb.nl/minibieb/van-heemskerkstraat-2-amsterdam/,52.38917,4.886989
273,https://minibieb.nl/minibieb/meerpad-11-amsterdam-2/,52.392414,4.9342465
274,https://minibieb.nl/minibieb/bos-en-lommerweg-174-amsterdam/,52.380375,4.853656
275,https://minibieb.nl/minibieb/bos-en-lommerweg-64-amsterdam/,52.382725,4.855258
276,https://minibieb.nl/minibieb/tweede-hugo-de-grootstraat-72-amsterdam/,52.37535,4.8705587
277,https://minibieb.nl/minibieb/hugo-de-grootkade-4-amsterdam/,52.373524,4.874472
278,https://minibieb.nl/minibieb/meerpad-11-amsterdam/,52.392414,4.934099
279,https://minibieb.nl/minibieb/verhulststraat-5-amsterdam/,52.35568,4.877244
280,https://minibieb.nl/minibieb/keizersgracht-242-amsterdam/,52.372166,4.884417
281,https://minibieb.nl/minibieb/cremerplein-13-amsterdam/,52.35926,4.858877
282,https://minibieb.nl/minibieb/tweede-hugo-de-grootstraat-67-amsterdam/,52.3749,4.870585
283,https://minibieb.nl/minibieb/tuinstraat-58-amsterdam/,52.37746,4.883939
284,https://minibieb.nl/minibieb/van-houwelingenstraat-40-amsterdam/,52.373825,4.8711305
285,https://minibieb.nl/minibieb/europaplein-1-amsterdam/,52.343876,4.8914237
286,https://minibieb.nl/minibieb/bosboom-toussaintstraat-56-amsterdam/,52.365356,4.874942
287,https://minibieb.nl/minibieb/brederodestraat-2-amsterdam/,52.362144,4.867413
288,https://minibieb.nl/minibieb/pieter-aertszstraat-46-amsterdam/,52.35222,4.9005704
289,https://minibieb.nl/minibieb/marieke-van-nimwegenstraat-5-amsterdam/,52.37717,4.851526
290,https://minibieb.nl/minibieb/vechtstraat-68-amsterdam/,52.345715,4.906336
291,https://minibieb.nl/minibieb/jan-lievensstraat-10-amsterdam/,52.351532,4.904137
292,https://minibieb.nl/minibieb/lauriersgracht-166-amsterdam/,52.370716,4.877444
293,https://minibieb.nl/minibieb/oostelijke-handelskade-28-amsterdam/,52.37441,4.933922
294,https://minibieb.nl/minibieb/ruysdaelstraat-104-amsterdam/,52.35354,4.880339
295,https://minibieb.nl/minibieb/weesperzijde-93-amsterdam/,52.352303,4.9107823
296,https://minibieb.nl/minibieb/ter-haarstraat-26-amsterdam/,52.370213,4.869441
297,https://minibieb.nl/minibieb/de-clercqstraat-121-amsterdam/,52.369865,4.865754
298,https://minibieb.nl/minibieb/hugo-de-grootkade-15-amsterdam/,52.372406,4.871865
299,https://minibieb.nl/minibieb/hogerbeetsstraat-71-amsterdam/,52.377274,4.873642
300,https://minibieb.nl/minibieb/hogerbeetsstraat-127-amsterdam/,52.375294,4.8721952
301,https://minibieb.nl/minibieb/sarphatipark-125-amsterdam/,52.354656,4.898962
302,https://minibieb.nl/minibieb/nieuwe-leliestraat-150-amsterdam/,52.374893,4.878794
303,https://minibieb.nl/minibieb/bloemstraat-117-amsterdam/,52.373608,4.879323
304,https://minibieb.nl/minibieb/koningsstraat-44-amsterdam/,52.37224,4.901892
305,https://minibieb.nl/minibieb/douwes-dekkerstraat-2-amsterdam/,52.36911,4.8653455
306,https://minibieb.nl/minibieb/geuzenstraat-22-amsterdam/,52.371796,4.865003
307,https://minibieb.nl/minibieb/in-de-albert-heijn-sarphatistraat-670-amsterdam/,52.366154,4.924701
308,https://minibieb.nl/minibieb/herengracht-267-amsterdam/,52.37147,4.887305
309,https://minibieb.nl/minibieb/da-costakade-206-amsterdam/,52.36635,4.874046
310,https://minibieb.nl/minibieb/ruysdaelkade-7-amsterdam/,52.359146,4.887548
311,https://minibieb.nl/minibieb/frans-halsstraat-18-amsterdam/,52.357986,4.888757
312,https://minibieb.nl/minibieb/nieuwe-achtergracht-81-amsterdam/,52.362995,4.908906
313,https://minibieb.nl/minibieb/sumatrakade-1135-amsterdam/,52.379356,4.926563
314,https://minibieb.nl/minibieb/johan-huizingalaan-627-amsterdam/,52.349506,4.8278193
315,https://minibieb.nl/minibieb/celebesstraat-26-amsterdam/,52.36437,4.931468
316,https://minibieb.nl/minibieb/minibieb-en-kinderzwerfboekstation-t-kersje/,52.406956,4.900767
317,https://minibieb.nl/minibieb/vogelhuisje-minibieb-sporenburg/,52.37419,4.948059
318,https://minibieb.nl/minibieb/m-a-w/,52.353268,4.8479905
319,https://minibieb.nl/minibieb/lomanstraat-hoek-okeghemstraat/,52.35131,4.8630295
320,https://minibieb.nl/minibieb/minibieb-churchill/,52.34714,4.887491
321,https://minibieb.nl/minibieb/minibieb-kuinderstraat-adam/,52.341564,4.90595
322,https://minibieb.nl/minibieb/minibieb-marquette-23/,52.32403,4.8669076
323,https://minibieb.nl/minibieb/minibieb-spring-house/,52.377552,4.9071183
324,https://minibieb.nl/minibieb/de-boeken-van-henriette/,52.343433,4.870272
325,https://minibieb.nl/minibieb/minibieb-in-de-bongerd/,52.40801,4.900687
326,https://minibieb.nl/minibieb/minibieb-kadoelen/,52.419254,4.900462
327,https://minibieb.nl/minibieb/minibieb-vogelbuurt-amsterdam/,52.386215,4.9158273
328,https://minibieb.nl/minibieb/de-lezende-cowboy/,52.37635,4.8444605
329,https://minibieb.nl/minibieb/sunny-ijburg/,52.359413,4.980132
330,https://minibieb.nl/minibieb/minibieb-tuinstraat/,52.37747,4.884022
331,https://minibieb.nl/minibieb/buurttuin-oost-indisch-groen/,52.362267,4.9458194
332,https://minibieb.nl/minibieb/czaar-peter-minibieb/,52.36961,4.9286366
333,https://minibieb.nl/minibieb/de-boekenpaal/,52.33075,4.8931537
334,https://minibieb.nl/minibieb/buurtboekenkastje/,52.3413,4.785793
335,https://minibieb.nl/minibieb/tandheelkundepraktijk-stadhouderskade/,52.357628,4.895657
336,https://minibieb.nl/minibieb/1e-minibieb-in-amsterdam-zuidoost/,52.295937,4.9871798
